epsilon,phase,clip_fraction,affected_fraction,surrogate_unclipped,surrogate_clipped,approx_kl_old_new,ratio_max,ratio_min,tokens
0.05,step0_supplied_batch,0.09861222344040792,0.04843875063791541,-0.00010532594880891116,-0.00131402884677246,9.403530348325242e-05,1.470550537109375,0.7583412528038025,7494
0.05,during_updates_epoch1,0.09927942327188673,0.04937283170101545,-3.8804520088195014e-05,-0.0012387480411856827,6.146095285875275e-05,1.4820197820663452,0.7651465535163879,7494
0.05,during_updates_epoch2,0.09781158196461226,0.05017347215774984,0.00010028647095672607,-0.0011311810166096366,3.928798546999277e-05,1.4733057022094727,0.7788009643554688,7494
0.05,end_of_batch_policy,0.09807846267377818,0.049372831793973726,0.00014968480389923345,-0.0010568541321489908,7.925743570290048e-06,1.4618349075317383,0.7651465535163879,7494
0.2,step0_supplied_batch,0.0010675206808519978,0.0005337603432222036,-0.00010532594880891116,-0.00018397199398404137,9.403530348325242e-05,1.470550537109375,0.7583412528038025,7494
0.2,during_updates_epoch1,0.0010675206787393097,0.0006672004286238583,-9.813594458695745e-05,-0.0001740615952788782,-1.5095953455376646e-05,1.4486526250839233,0.7651465535163879,7494
0.2,during_updates_epoch2,0.001200960770106201,0.0008006405199907495,4.452225712841575e-05,-3.906771843128994e-05,8.373674881513171e-05,1.4883166551589966,0.7719666361808777,7494
0.2,end_of_batch_policy,0.0009340805893608306,0.0005337603392453791,0.0002277235670921823,0.0001532893099579906,7.099588038885734e-05,1.455992579460144,0.7651465535163879,7494
0.5,step0_supplied_batch,0.0,0.0,-0.00010532594880891116,-0.00010532594880891116,9.403530348325242e-05,1.470550537109375,0.7583412528038025,7494
0.5,during_updates_epoch1,0.0,0.0,-9.811398409245673e-06,-9.811398409245673e-06,1.8209013071417343e-05,1.4813311100006104,0.7651465535163879,7494
0.5,during_updates_epoch2,0.0,0.0,0.00010333050114532904,0.00010333050114532904,8.440793598256719e-05,1.4845540523529053,0.7555737495422363,7494
0.5,end_of_batch_policy,0.0,0.0,9.930419531697258e-05,9.930419531697258e-05,4.706486998606811e-05,1.4672467708587646,0.756648600101471,7494
