update,prompt_id,reward_raw,reward_effective,kl_ref,entropy,response_tokens,terminated_with_eos,truncated,value_mean,return_mean,value_explained_variance,policy_loss,value_loss,clip_fraction,clip_fraction_last_epoch,approx_kl_old_new_last_epoch,policy_grad_norm,value_grad_norm,skipped_overflow_steps,generated_tokens_cumulative,elapsed_s,peak_vram_gib
1,678655e88105b722a790aa7bf5db9a2385c326aba9d0954d626adb0e668e1b7c,0.70361328125,-0.29638671875,1.4436474884860218e-05,0.9620439410209656,512,False,True,-1.91212797164917,-1.7677953243255615,-9.60763931274414,8.887238800525665e-05,4.849560976028442,0.0,0.0,8.413945033680648e-05,0.18663467466831207,89.05956268310547,0,512,32.0,7.194
2,9f88876b667f575aa7b359e6e56045f276f601613f86aa507153f8cb892cc1fd,-0.861328125,-1.861328125,0.00018283372628502548,0.4889031946659088,512,False,True,-2.2506461143493652,-2.208357810974121,-2.7240002155303955,-0.00011743232607841492,7.193784236907959,0.0,0.0,0.00011584085586946458,0.2044707089662552,,1,1024,62.1,7.194
3,9420c88a8ac86c38f9cf243fc7d41e15d7c7ebb795f385e071e7016dc0920fd3,1.9794921875,1.9794921875,0.002849862677976489,0.2372284233570099,5,True,False,-4.259177207946777,1.3586146831512451,-9.758782386779785,-8.314847800683367e-05,33.77159881591797,0.0,0.0,0.00011095550144091249,4.095681190490723,,2,1029,63.6,7.194
4,1da6abaa474111f665cb77c9634f999e3f56c7a546e1b6d60a713b510a89ba3f,2.587890625,2.587890625,7.201780681498349e-05,0.7655291557312012,510,True,False,-2.923346996307373,-2.6875226497650146,-3.7224740982055664,1.669117045821622e-05,5.026366710662842,0.0,0.0,-2.4181630578823388e-05,0.16966065764427185,78.81501007080078,0,1539,93.7,7.194
5,441eaa66035da777d253aa728417f0636c3367c510a1e054c5fccb77c2b185f1,0.861328125,0.861328125,-0.0019518003100529313,0.6914701461791992,15,True,False,0.09014282375574112,0.6881447434425354,-57.75544357299805,0.001341168077974686,0.8923954963684082,0.0,0.0,-0.0002451275649946183,2.168957233428955,128.4518585205078,0,1554,96.2,7.194
6,31295d1e91662f16886484a1ef73de84533c04d7651cab01e353815965818358,0.73046875,0.73046875,0.0010691912611946464,1.3311551809310913,32,True,False,0.17565736174583435,0.4661002457141876,-177.3785400390625,0.00018391944468021393,4.482154846191406,0.0,0.0,0.0013905322412028909,1.2259188890457153,78.12842559814453,0,1586,99.7,7.194
7,ef98e4ffaf6b4c289ec4e638c7821838fd640797393c9021bc36f15682fce4b7,2.84765625,2.84765625,1.6694978057785193e-06,0.8409132957458496,228,True,False,-3.004823923110962,-2.4539928436279297,-2.3466827869415283,0.0002793842271024971,4.909852027893066,0.0,0.0,-0.000162851283675991,0.42272520065307617,99.64366912841797,0,1814,113.6,7.194
8,2cd079452dc2de6bb4e19a166f1505bb404c5899c4bf63afbf59ff03c6c392a2,-0.37060546875,-0.37060546875,0.0004167485749348998,0.8109239935874939,65,True,False,-0.7205857634544373,-0.624196469783783,-35.3215217590332,-0.00020652551387545515,2.954772114753723,0.0,0.0,0.00061510264640674,0.6204032897949219,45.17124938964844,0,1879,118.1,7.194
9,c399ec48bddcb4c7cac8519d433f677719a8075b2270dcbe6d69fa7be6694aad,2.5859375,2.5859375,0.00011009044828824699,1.0048675537109375,413,True,False,-2.415938377380371,-2.2919764518737793,-1.5785906314849854,1.3169018461711701e-05,6.137773275375366,0.0,0.0,0.00026535202050581574,0.2507901191711426,102.5825424194336,0,2292,142.8,7.194
10,e33be8773750464020cd669276789689c61a2bb872df0e2645792d514ca07c8f,3.03515625,2.03515625,8.79031140357256e-05,1.13139808177948,512,False,True,0.05393056198954582,0.15298479795455933,-6.808370590209961,-0.00016522081568837166,2.84567391872406,0.0,0.0,-0.00019720260752364993,0.19489224255084991,33.29563522338867,0,2804,173.2,7.194
11,a510b07674664a5f6599a7d8a7f0ce46024ed5339e9e13241e5d43f200f50071,2.08203125,2.08203125,-8.057334343902767e-05,0.5707395672798157,198,True,False,0.4290190041065216,0.6502033472061157,-6.7781243324279785,0.00011536629792335829,3.142229199409485,0.0,0.0,-0.00033725707908160985,0.27984708547592163,61.358882904052734,0,3002,185.4,7.194
12,0831fe2f1e0bc7b79223563133ce4f16066b66de177faa7c2bbfd998047d316b,1.5908203125,1.5908203125,9.160442277789116e-05,0.9443528652191162,211,True,False,-1.1416106224060059,-0.9040548801422119,-4.643060207366943,-0.00016169299053458985,3.4017413854599,0.0,0.0,-0.00023178019910119474,0.35739949345588684,74.01275634765625,0,3213,198.5,7.194
13,88c8634bd073c5d42047ef1d17f29aaafaf00e71b760f64953b39ed1170c04f6,0.74462890625,0.74462890625,-0.001200096681714058,0.5929564237594604,56,True,False,0.9833933115005493,0.9651013016700745,-23.4682674407959,-0.0003716392176493777,1.2578126192092896,0.0,0.0,-0.0006950317765586078,0.584394633769989,58.7031364440918,0,3269,202.6,7.194
14,de488190b5e8916461081c42647f9566b829e0956571b93b1b08fa2099a27a32,2.9453125,2.9453125,-0.0004603607230819762,0.13372443616390228,10,True,False,0.6631861925125122,2.4762606620788574,-12.882102966308594,-0.0009227648377425623,4.713759422302246,0.0,0.0,0.0014921000692993402,5.038668155670166,,1,3279,204.4,7.194
15,2417eff398ee54f15c797761aaad8fcedae41fc5b20d17b7b5338c194edff653,2.0859375,2.0859375,0.00013231197954155505,0.9551752209663391,215,True,False,2.134658098220825,2.0858535766601562,-23.39894676208496,0.000224214375931453,2.598822593688965,0.0,0.0,0.00017834582831710577,0.34856313467025757,52.325809478759766,0,3494,217.5,7.194
16,2db9441f63e65d398b7709cb2ed35109ec7ba0ba659af51c6b6b6288c2ba66f2,1.7724609375,1.7724609375,0.0006278271321207285,0.0829991027712822,4,True,False,-0.6508192420005798,1.6340526342391968,-52.62442398071289,-9.707361459732056e-05,5.586036682128906,0.0,0.0,-0.00057297816965729,0.7005450129508972,418.80938720703125,0,3498,219.3,7.194
17,1334a348c6af4052d7e362c4afdf251217956fd79a4fb4f4a8a59b700847ea43,-1.6318359375,-1.6318359375,0.0004875767626799643,0.256747305393219,53,True,False,0.9953671097755432,0.11983554810285568,-9.807729721069336,7.52817929416949e-06,4.984900951385498,0.0,0.0,-0.00045729990233667195,1.9847731590270996,212.3458709716797,0,3551,223.8,7.194
18,8f3c72b9b84d5a6e03dea0c0abf7afdf580f4c86ac1b8f9098995564e3456871,0.8232421875,-0.1767578125,0.0002476863155607134,0.8160590529441833,512,False,True,0.19302314519882202,0.1433422565460205,-5.517679691314697,-7.396889850497246e-05,2.17561411857605,0.0,0.0,0.00035012286389246583,0.1775008738040924,29.857404708862305,0,4063,253.4,7.194
19,77af8924e3aa960597197001cfd023ad07d35258103dff21200811d5c8f9419e,1.8544921875,1.8544921875,0.0011067549930885434,0.6244902610778809,72,True,False,0.4818548560142517,0.6858170628547668,-17.378450393676758,4.554457255956379e-05,4.212820053100586,0.0,0.0,0.0009747899021022022,0.7799434661865234,81.89048767089844,0,4135,258.4,7.194
20,c935e22822b6117967dc6b263db1ec60ecde8181ea0427afe8e305c711edbb31,2.115234375,2.115234375,-0.00010218700481345877,0.8059147596359253,493,True,False,-0.8133233189582825,-0.714262843132019,-5.5476226806640625,-2.359038098198596e-06,1.965568482875824,0.0,0.0,-6.765384114260087e-06,0.2504633665084839,36.56410598754883,0,4628,288.3,7.194
