K,bin,n_groups,n_generations,informative_group_rate,mean_within_group_reward_std,median_within_group_reward_std,variance_normalized_advantage,variance_centred_reward,mean_abs_normalized_advantage,fraction_nonzero_advantage
2,all,96,192,0.9375,0.3845672607421875,0.244384765625,0.9374814117154214,0.3368348789711793,0.9374907054007053,0.9375
4,all,48,192,0.9583333333333334,0.5410043663966159,0.47366607189178467,0.9583276057940306,0.4677260586371024,0.8307160401454894,0.9583333333333334
8,all,24,192,0.9583333333333334,0.619054414331913,0.4710747301578522,0.9583290636625043,0.5598951438441873,0.7939281876278983,0.9583333333333334
2,hard,32,64,0.84375,0.49340057373046875,0.28173828125,0.8437429704090508,0.5984376166015863,0.8437464851886034,0.84375
2,medium,32,64,0.96875,0.41237640380859375,0.34375,0.9687324469914853,0.3040905836969614,0.9687412232160568,0.96875
2,easy,32,64,1.0,0.2479248046875,0.17578125,0.9999688177457285,0.10797643661499023,0.9999844077974558,1.0
4,hard,16,64,0.875,0.6614877581596375,0.5703299045562744,0.8749959542057824,0.786526813171804,0.7488248277659295,0.875
4,medium,16,64,1.0,0.5516941300593317,0.50240758061409,0.9999937655649884,0.4017186826094985,0.8733725154888816,1.0
4,easy,16,64,1.0,0.4098312109708786,0.4150642454624176,0.9999930976113216,0.21493268013000488,0.869950777181657,1.0
8,hard,8,64,0.875,0.7633688487112522,0.6901349425315857,0.8749973728033363,0.8869009069167078,0.7564107195939869,0.875
8,medium,8,64,1.0,0.5990220718085766,0.554256334900856,0.9999956106586684,0.44691224163398147,0.792619289826689,1.0
8,easy,8,64,1.0,0.4947723224759102,0.4295704513788223,0.999994207525508,0.34587228298187256,0.832754553463019,1.0
