update,prompt_id,reward_mean,reward_group_std,uninformative_group,kl_ref,entropy,response_tokens_mean,truncated_completions,loss,policy_loss,kl_term_k3,clip_fraction,grad_norm,skipped_overflow_steps,generated_tokens_cumulative,elapsed_s,peak_vram_gib
1,678655e88105b722a790aa7bf5db9a2385c326aba9d0954d626adb0e668e1b7c,0.7582855224609375,0.6315646767616272,False,-0.00011801355867646635,0.9268420934677124,512.0,4,0.0,-0.0,0.0,0.0,0.0,0,2048,33.9,8.267
2,9f88876b667f575aa7b359e6e56045f276f601613f86aa507153f8cb892cc1fd,1.0931396484375,0.9460389018058777,False,6.774034409318119e-05,0.5007568001747131,512.0,4,0.0,-0.0,0.0,0.0,0.0,0,4096,65.2,8.267
3,9420c88a8ac86c38f9cf243fc7d41e15d7c7ebb795f385e071e7016dc0920fd3,2.38720703125,0.444084495306015,False,-0.00014440769155044109,0.23883263766765594,14.25,0,-0.0005947131430730224,-0.0005953758955001831,6.6276184043090325e-06,0.0,2.2189595699310303,0,4153,67.6,8.267
4,1da6abaa474111f665cb77c9634f999e3f56c7a546e1b6d60a713b510a89ba3f,1.22314453125,1.3930554389953613,False,2.7702932129614055e-05,0.6316669583320618,494.25,1,-0.4149276316165924,-0.41492873430252075,1.1076454939029645e-05,0.0,0.07205762714147568,0,6130,99.0,8.267
5,441eaa66035da777d253aa728417f0636c3367c510a1e054c5fccb77c2b185f1,2.0078125,0.41161617636680603,False,-5.821200829814188e-05,0.6111671924591064,10.5,0,-4.7745164920343086e-05,-4.9173831939697266e-05,1.4286665646068286e-05,0.0,1.6017667055130005,0,6172,101.2,8.267
6,31295d1e91662f16886484a1ef73de84533c04d7651cab01e353815965818358,0.30902862548828125,0.5386216640472412,False,0.0007268897606991231,1.0636091232299805,29.25,0,-0.0004573343612719327,-0.00045996904373168945,2.6346780941821635e-05,0.0,0.6912468075752258,0,6289,104.3,8.267
7,ef98e4ffaf6b4c289ec4e638c7821838fd640797393c9021bc36f15682fce4b7,2.5419921875,0.3463081121444702,False,2.7667432732414454e-05,0.853140115737915,272.75,0,-0.00017639764701016247,-0.00017760694026947021,1.2092913493688684e-05,0.0,0.1545596569776535,0,7380,124.5,8.267
8,2cd079452dc2de6bb4e19a166f1505bb404c5899c4bf63afbf59ff03c6c392a2,2.096923828125,0.39385589957237244,False,-3.881824522977695e-05,0.641103208065033,115.25,0,-0.00026947809965349734,-0.00027054548263549805,1.0673886208678596e-05,0.0,0.31989526748657227,0,7841,135.5,8.267
9,c399ec48bddcb4c7cac8519d433f677719a8075b2270dcbe6d69fa7be6694aad,1.5782470703125,0.6702529788017273,False,0.00017174697131849825,1.1373299360275269,457.0,2,-0.4643115997314453,-0.4643128514289856,1.2436909855750855e-05,0.0,0.1158696785569191,0,9669,166.9,8.273
10,e33be8773750464020cd669276789689c61a2bb872df0e2645792d514ca07c8f,1.8486328125,0.38248664140701294,False,-0.00011600562720559537,1.028433084487915,507.0,3,-0.42219457030296326,-0.4221958816051483,1.3023493920627516e-05,0.0,0.15914970636367798,0,11697,198.9,8.282
11,a510b07674664a5f6599a7d8a7f0ce46024ed5339e9e13241e5d43f200f50071,1.04461669921875,0.6147688627243042,False,8.365078247152269e-05,0.8941130042076111,329.5,0,-0.0001466854737373069,-0.0001481473445892334,1.461864940210944e-05,0.0,0.18120554089546204,0,13015,227.2,8.282
12,0831fe2f1e0bc7b79223563133ce4f16066b66de177faa7c2bbfd998047d316b,1.6322021484375,1.1595042943954468,False,-4.7583725972799584e-05,0.9703567028045654,356.25,2,0.23942627012729645,0.23942500352859497,1.2702181265922263e-05,0.0,0.248924121260643,0,14440,258.9,8.282
13,88c8634bd073c5d42047ef1d17f29aaafaf00e71b760f64953b39ed1170c04f6,0.83197021484375,0.539771556854248,False,0.00018033679225482047,1.0297601222991943,131.5,0,0.00048781486111693084,0.00048601627349853516,1.798587072698865e-05,0.0,0.25191038846969604,0,14966,268.8,8.282
14,de488190b5e8916461081c42647f9566b829e0956571b93b1b08fa2099a27a32,3.0048828125,0.1513671875,False,0.002030478324741125,0.1481347531080246,6.0,0,0.0020655556581914425,0.002060443162918091,5.112588405609131e-05,0.0,5.23283052444458,0,14990,270.7,8.282
15,2417eff398ee54f15c797761aaad8fcedae41fc5b20d17b7b5338c194edff653,2.026611328125,0.08756279945373535,False,0.0002833921171259135,0.9816970229148865,256.0,0,-4.752655513584614e-05,-4.89354133605957e-05,1.4088582247495651e-05,0.0,0.14199009537696838,0,16014,288.6,8.282
16,2db9441f63e65d398b7709cb2ed35109ec7ba0ba659af51c6b6b6288c2ba66f2,1.5908203125,0.1454652100801468,False,-0.003969163633882999,0.2353164553642273,4.0,0,0.008755884133279324,0.008755862712860107,2.1606683731079102e-07,0.0,10.877986907958984,0,16030,290.2,8.282
17,1334a348c6af4052d7e362c4afdf251217956fd79a4fb4f4a8a59b700847ea43,2.8251953125,0.20009048283100128,False,2.83532735920744e-05,0.8880447149276733,368.5,0,0.00011308146349620074,0.00011155009269714355,1.5313742551370524e-05,0.0,0.15596458315849304,0,17504,318.5,8.282
18,8f3c72b9b84d5a6e03dea0c0abf7afdf580f4c86ac1b8f9098995564e3456871,1.8857421875,0.4903578758239746,False,0.00029732781695201993,0.9895692467689514,403.75,1,0.056117456406354904,0.056116051971912384,1.4059724890103098e-05,0.0,0.14292962849140167,0,19119,349.6,8.282
19,77af8924e3aa960597197001cfd023ad07d35258103dff21200811d5c8f9419e,0.10626220703125,1.27463698387146,False,0.0002566422917880118,0.9336879849433899,95.75,0,-6.52424978397903e-06,-8.016824722290039e-06,1.4925750292604789e-05,0.0,0.4507666826248169,0,19502,357.8,8.282
20,c935e22822b6117967dc6b263db1ec60ecde8181ea0427afe8e305c711edbb31,1.153076171875,0.8798300623893738,False,0.00019299384439364076,0.7712066173553467,508.25,3,-0.3881763517856598,-0.3881773054599762,9.530626812193077e-06,0.0,0.08994654566049576,0,21535,388.8,8.282
